{"cameraMode":{"drawMode":0,"name":"Shaded","section":"Shading Mode"},"sceneLighting":true,"audioPlay":false,"sceneViewState":{"showFog":true,"showMaterialUpdate":false,"showSkybox":true,"showFlares":true,"showImageEffects":true,"showParticleSystems":true,"showVisualEffectGraphs":true,"m_FxEnabled":true},"in2DMode":false,"pivot":{"x":4.055283069610596,"y":32.18054962158203,"z":-5.8315839767456059},"rotation":{"x":0.056667257100343707,"y":0.9269067645072937,"z":-0.3365727961063385,"w":0.15605881810188294},"size":30.556297302246095,"orthographic":false}