{"cameraMode":{"drawMode":0,"name":"Shaded","section":"Shading Mode"},"sceneLighting":true,"audioPlay":false,"sceneViewState":{"showFog":true,"showMaterialUpdate":false,"showSkybox":true,"showFlares":true,"showImageEffects":true,"showParticleSystems":true,"showVisualEffectGraphs":true,"m_FxEnabled":true},"in2DMode":false,"pivot":{"x":13.554727554321289,"y":-13.944146156311036,"z":-16.538291931152345},"rotation":{"x":0.06106502190232277,"y":-0.7204254865646362,"z":0.06391627341508866,"w":0.6879181265830994},"size":31.493745803833009,"orthographic":false}