{"cameraMode":{"drawMode":0,"name":"Shaded","section":"Shading Mode"},"sceneLighting":true,"audioPlay":false,"sceneViewState":{"showFog":true,"showMaterialUpdate":false,"showSkybox":true,"showFlares":true,"showImageEffects":true,"showParticleSystems":true,"showVisualEffectGraphs":true,"m_FxEnabled":true},"in2DMode":false,"pivot":{"x":5.742053031921387,"y":1.1811795234680176,"z":-14.675148963928223},"rotation":{"x":-0.0014007099671289325,"y":-0.9927520155906677,"z":0.11971580237150192,"w":-0.011594638228416443},"size":31.756879806518556,"orthographic":false}