{"cameraMode":{"drawMode":0,"name":"Shaded","section":"Shading Mode"},"sceneLighting":true,"audioPlay":false,"sceneViewState":{"showFog":true,"showMaterialUpdate":false,"showSkybox":true,"showFlares":true,"showImageEffects":true,"showParticleSystems":true,"showVisualEffectGraphs":true,"m_FxEnabled":true},"in2DMode":false,"pivot":{"x":-2.6281707286834719,"y":4.396127700805664,"z":-25.85980224609375},"rotation":{"x":-0.023347774520516397,"y":-0.8614027500152588,"z":0.5058842897415161,"w":-0.039824098348617557},"size":30.452381134033204,"orthographic":false}