{"cameraMode":{"drawMode":0,"name":"Shaded","section":"Shading Mode"},"sceneLighting":true,"audioPlay":false,"sceneViewState":{"showFog":true,"showMaterialUpdate":false,"showSkybox":true,"showFlares":true,"showImageEffects":true,"showParticleSystems":true},"in2DMode":false,"pivot":{"x":-0.004764676094055176,"y":-0.013070642948150635,"z":-7.96763277053833},"rotation":{"x":0.00135186652187258,"y":-0.8871007561683655,"z":0.4618366062641144,"w":0.0026687318459153177},"size":6.957149505615234,"orthographic":false}