{"cameraMode":{"drawMode":0,"name":"Shaded","section":"Shading Mode"},"sceneLighting":true,"audioPlay":false,"sceneViewState":{"showFog":true,"showMaterialUpdate":false,"showSkybox":true,"showFlares":true,"showImageEffects":true,"showParticleSystems":true},"in2DMode":false,"pivot":{"x":6.537078380584717,"y":-3.53452467918396,"z":2.549955368041992},"rotation":{"x":0.03343486040830612,"y":0.9007571339607239,"z":-0.42748671770095827,"w":0.07070513814687729},"size":22.61239242553711,"orthographic":false}