{"cameraMode":{"drawMode":0,"name":"Shaded","section":"Shading Mode"},"sceneLighting":true,"audioPlay":false,"sceneViewState":{"showFog":true,"showMaterialUpdate":false,"showSkybox":true,"showFlares":true,"showImageEffects":true,"showParticleSystems":true},"in2DMode":false,"pivot":{"x":-0.004764676094055176,"y":-0.013070642948150635,"z":-7.96763277053833},"rotation":{"x":-0.03317618370056152,"y":-0.856031596660614,"z":0.5131305456161499,"w":-0.055281251668930057},"size":13.480936050415039,"orthographic":false}